method,precision,recall,f1,mcc
SPPIDER,0.45,0.52,0.48,0.25
ProMate,0.42,0.48,0.45,0.22
PSIVER,0.5,0.45,0.47,0.24
PAIRpred,0.55,0.5,0.52,0.3
DELPHI,0.58,0.53,0.55,0.33
ECABSD (ours),0.2639527474987515,0.6788007617023161,0.3801021673362099,0.23638419128775087
