{
  "accuracy": 0.7586272279105044,
  "precision": 0.4391347533384836,
  "recall": 0.7561763587989357,
  "f1": 0.5556098582699155,
  "mcc": 0.43374211740629726,
  "num_samples": 26370,
  "num_positive": 5262,
  "num_predicted_positive": 9061,
  "auc_roc": 0.8210776623841896,
  "auc_pr": 0.5697399632002673
}