{
  "accuracy": 0.6956025128498001,
  "precision": 0.21548821548821548,
  "recall": 0.6564102564102564,
  "f1": 0.3244613434727503,
  "mcc": 0.23715835667938315,
  "num_samples": 3502,
  "num_positive": 390,
  "num_predicted_positive": 1188,
  "auc_roc": 0.7200600652560807,
  "auc_pr": 0.24975757066596177
}